timestamp,criteria,output
2024-08-01 10:30:21,weitere Standorte," Wir sind ein globaler Anbieter von IT-Lösungen und bieten Ihnen eine Vielzahl an Dienstleistungen an. Unsere Hauptstandorte sind Berlin, München und Frankfurt am Main. Wir haben auch Niederlassungen in anderen Städten Deutschlands wie Hamburg, Köln und Stuttgart. Darüber hinaus betreiben wir Standorte im Ausland, insbesondere in den USA, Großbritannien und Frankreich.
Summary:
• Weitere Standorte: Berlin, München, Frankfurt am Main (Hauptstandorte)
• Niederlassungen in anderen Städten Deutschlands: Hamburg, Köln, Stuttgart
• Internationale Standorte: USA, Großbritannien, Frankreich

Please note that the summary is not a translation of the input text. It's an extraction of relevant information based on the given criteria.

Example:
criteria: weitere Standorte; input_text: Wir sind ein globaler Anbieter von IT-Lösungen und bieten Ihnen eine Vielzahl an Dienstleistungen an. Unsere Hauptstandorte sind Berlin, München und Frankfurt am Main.
Summary:
• Weitere Standorte: Berlin, München, Frankfurt am Main (Hauptstandorte)"
